-- Tango Reservas - seed demo para Supabase/Postgres
-- Ejecutar despues de docs/database/supabase-schema.sql

-- Negocios
insert into public.businesses (
  id,
  slug,
  name,
  description,
  category,
  city,
  address,
  phone,
  whatsapp,
  email,
  instagram_url,
  facebook_url,
  website_url,
  google_maps_url,
  google_maps_embed_url,
  status,
  public_template_id,
  created_at,
  updated_at
) values
  (
    '11111111-1111-1111-1111-111111111111',
    'demuru',
    'Demuru',
    'Restaurante de autor con experiencia de cena cuidada y menu degustacion.',
    'Restaurante de autor',
    'Pinamar',
    'Av. Bunge 1234, Pinamar',
    '+54 2254 400111',
    '+54 2254 400111',
    'hola@demuru.com',
    'https://instagram.com/demuru',
    'https://facebook.com/demuru',
    'https://demuru.com',
    'https://maps.google.com/?q=Demuru+Pinamar',
    'https://www.google.com/maps?q=Demuru+Pinamar&output=embed',
    'active',
    'restaurant-elegant',
    '2026-05-01 10:00:00+00',
    '2026-06-16 10:00:00+00'
  ),
  (
    '22222222-2222-2222-2222-222222222222',
    'barbados',
    'Barbados',
    'Bar, cocteleria y parador con ambiente sunset y propuestas para grupos.',
    'Bar / coctelería / parador',
    'Cariló',
    'Av. Divisadero 220, Cariló',
    '+54 2254 500222',
    '+54 2254 500222',
    'hola@barbados.com',
    'https://instagram.com/barbados',
    'https://facebook.com/barbados',
    'https://barbados.com',
    'https://maps.google.com/?q=Barbados+Carilo',
    'https://www.google.com/maps?q=Barbados+Carilo&output=embed',
    'active',
    'compact-premium',
    '2026-05-01 10:00:00+00',
    '2026-06-16 10:00:00+00'
  ),
  (
    '33333333-3333-3333-3333-333333333333',
    'cafe-demo',
    'Cafe Demo',
    'Cafeteria y brunch con opciones para desayunos, almuerzos livianos y cowork.',
    'Cafetería y brunch',
    'Valeria del Mar',
    'Av. Costanera 456, Valeria del Mar',
    '+54 2254 600333',
    '+54 2254 600333',
    'hola@cafedemo.com',
    'https://instagram.com/cafedemo',
    'https://facebook.com/cafedemo',
    'https://cafedemo.com',
    'https://maps.google.com/?q=Cafe+Demo+Valeria+del+Mar',
    'https://www.google.com/maps?q=Cafe+Demo+Valeria+del+Mar&output=embed',
    'active',
    'minimal-cafe',
    '2026-05-01 10:00:00+00',
    '2026-06-16 10:00:00+00'
  )
on conflict (id) do update set
  slug = excluded.slug,
  name = excluded.name,
  description = excluded.description,
  category = excluded.category,
  city = excluded.city,
  address = excluded.address,
  phone = excluded.phone,
  whatsapp = excluded.whatsapp,
  email = excluded.email,
  instagram_url = excluded.instagram_url,
  facebook_url = excluded.facebook_url,
  website_url = excluded.website_url,
  google_maps_url = excluded.google_maps_url,
  google_maps_embed_url = excluded.google_maps_embed_url,
  status = excluded.status,
  public_template_id = excluded.public_template_id,
  updated_at = excluded.updated_at;

-- Contenido web publico
insert into public.business_web_content (
  id,
  business_id,
  hero_title,
  hero_subtitle,
  hero_badge,
  about_title,
  about_text,
  about_secondary_text,
  public_tags,
  hero_image_url,
  show_hero,
  show_about,
  show_featured_menu,
  show_full_menu,
  show_gallery,
  show_location,
  show_reservations,
  show_whatsapp,
  show_email,
  show_socials,
  created_at,
  updated_at
) values
  (
    '11111111-1111-1111-1111-111111111201',
    '11111111-1111-1111-1111-111111111111',
    'Demuru',
    'Cenas pensadas al detalle en el corazon de Pinamar.',
    'Restaurante de autor',
    'Una experiencia para volver',
    'Cocina de autor, servicio atento y una carta pensada para noches especiales.',
    'Ideal para reservas cuidadas, celebraciones y cenas con maridaje.',
    '["Cocina de autor","Cenas especiales","Maridaje"]'::jsonb,
    'https://images.unsplash.com/photo-1414235077428-338989a2e8c0?auto=format&fit=crop&w=1200&q=80',
    true,
    true,
    true,
    true,
    true,
    true,
    true,
    true,
    true,
    true,
    '2026-05-01 10:00:00+00',
    '2026-06-16 10:00:00+00'
  ),
  (
    '22222222-2222-2222-2222-222222222201',
    '22222222-2222-2222-2222-222222222222',
    'Barbados',
    'Sunset, cocteles y mesas para compartir frente al mar.',
    'Bar / parador',
    'Atardeceres que se disfrutan mejor en grupo',
    'Cocteleria de autor, decks, barras y clima de playa para tardes largas y noches vivas.',
    'Reservas para grupos, celebraciones y after beach.',
    '["Sunset","Cocteleria","Grupos"]'::jsonb,
    'https://images.unsplash.com/photo-1536935338788-846bb9981813?auto=format&fit=crop&w=1200&q=80',
    true,
    true,
    true,
    true,
    true,
    true,
    true,
    true,
    true,
    true,
    '2026-05-01 10:00:00+00',
    '2026-06-16 10:00:00+00'
  ),
  (
    '33333333-3333-3333-3333-333333333201',
    '33333333-3333-3333-3333-333333333333',
    'Cafe Demo',
    'Desayunos, brunch y cafe de especialidad durante todo el dia.',
    'Cafeteria y brunch',
    'Una pausa rica, simple y bien servida',
    'Cafe de especialidad, tortas, brunch y opciones pensadas para trabajar o encontrarse sin apuro.',
    'Ideal para mañana, mediodia y tardes tranqui.',
    '["Cafe de especialidad","Brunch","Cowork"]'::jsonb,
    'https://images.unsplash.com/photo-1495474472287-4d71bcdd2085?auto=format&fit=crop&w=1200&q=80',
    true,
    true,
    true,
    true,
    true,
    true,
    true,
    true,
    true,
    true,
    '2026-05-01 10:00:00+00',
    '2026-06-16 10:00:00+00'
  )
on conflict (business_id) do update set
  hero_title = excluded.hero_title,
  hero_subtitle = excluded.hero_subtitle,
  hero_badge = excluded.hero_badge,
  about_title = excluded.about_title,
  about_text = excluded.about_text,
  about_secondary_text = excluded.about_secondary_text,
  public_tags = excluded.public_tags,
  hero_image_url = excluded.hero_image_url,
  show_hero = excluded.show_hero,
  show_about = excluded.show_about,
  show_featured_menu = excluded.show_featured_menu,
  show_full_menu = excluded.show_full_menu,
  show_gallery = excluded.show_gallery,
  show_location = excluded.show_location,
  show_reservations = excluded.show_reservations,
  show_whatsapp = excluded.show_whatsapp,
  show_email = excluded.show_email,
  show_socials = excluded.show_socials,
  updated_at = excluded.updated_at;

-- Servicios
insert into public.services (
  id,
  business_id,
  name,
  description,
  duration_minutes,
  capacity,
  price,
  is_active,
  sort_order,
  created_at,
  updated_at
) values
  ('11111111-1111-1111-1111-111111111301', '11111111-1111-1111-1111-111111111111', 'Menú degustación', 'Recorrido de varios pasos con productos de temporada.', 150, 4, 78000, true, 1, '2026-05-01 10:00:00+00', '2026-06-16 10:00:00+00'),
  ('11111111-1111-1111-1111-111111111302', '11111111-1111-1111-1111-111111111111', 'Chef table', 'Mesa especial frente a cocina con experiencia guiada.', 180, 6, 98000, true, 2, '2026-05-01 10:00:00+00', '2026-06-16 10:00:00+00'),
  ('11111111-1111-1111-1111-111111111303', '11111111-1111-1111-1111-111111111111', 'Cena con maridaje', 'Menu con vinos seleccionados por el chef.', 180, 6, 125000, true, 3, '2026-05-01 10:00:00+00', '2026-06-16 10:00:00+00'),
  ('22222222-2222-2222-2222-222222222301', '22222222-2222-2222-2222-222222222222', 'Sunset beach', 'Mesa ideal para tardes y atardeceres frente al mar.', 120, 6, 32000, true, 1, '2026-05-01 10:00:00+00', '2026-06-16 10:00:00+00'),
  ('22222222-2222-2222-2222-222222222302', '22222222-2222-2222-2222-222222222222', 'Mesa VIP', 'Sector privado para grupos y celebraciones.', 180, 12, 56000, true, 2, '2026-05-01 10:00:00+00', '2026-06-16 10:00:00+00'),
  ('22222222-2222-2222-2222-222222222303', '22222222-2222-2222-2222-222222222222', 'After beach', 'Propuesta nocturna para grupos que siguen despues de la playa.', 150, 10, 45000, true, 3, '2026-05-01 10:00:00+00', '2026-06-16 10:00:00+00'),
  ('33333333-3333-3333-3333-333333333301', '33333333-3333-3333-3333-333333333333', 'Brunch', 'Desayuno tardio con opciones dulces y saladas.', 90, 4, 18000, true, 1, '2026-05-01 10:00:00+00', '2026-06-16 10:00:00+00'),
  ('33333333-3333-3333-3333-333333333302', '33333333-3333-3333-3333-333333333333', 'Cowork café', 'Mesa para trabajar con café de especialidad.', 120, 2, 22000, true, 2, '2026-05-01 10:00:00+00', '2026-06-16 10:00:00+00'),
  ('33333333-3333-3333-3333-333333333303', '33333333-3333-3333-3333-333333333333', 'Desayuno completo', 'Opcion temprana con cafe, panificacion y jugo.', 75, 4, 15000, true, 3, '2026-05-01 10:00:00+00', '2026-06-16 10:00:00+00')
on conflict (id) do update set
  business_id = excluded.business_id,
  name = excluded.name,
  description = excluded.description,
  duration_minutes = excluded.duration_minutes,
  capacity = excluded.capacity,
  price = excluded.price,
  is_active = excluded.is_active,
  sort_order = excluded.sort_order,
  updated_at = excluded.updated_at;

-- Categorias de menu
insert into public.menu_categories (
  id,
  business_id,
  name,
  description,
  is_active,
  sort_order,
  created_at,
  updated_at
) values
  ('11111111-1111-1111-1111-111111111401', '11111111-1111-1111-1111-111111111111', 'Entradas', 'Inicio de la experiencia de Demuru.', true, 1, '2026-05-01 10:00:00+00', '2026-06-16 10:00:00+00'),
  ('11111111-1111-1111-1111-111111111402', '11111111-1111-1111-1111-111111111111', 'Principales', 'Platos centrales con identidad propia.', true, 2, '2026-05-01 10:00:00+00', '2026-06-16 10:00:00+00'),
  ('11111111-1111-1111-1111-111111111403', '11111111-1111-1111-1111-111111111111', 'Postres', 'Final dulce de la carta.', true, 3, '2026-05-01 10:00:00+00', '2026-06-16 10:00:00+00'),
  ('11111111-1111-1111-1111-111111111404', '11111111-1111-1111-1111-111111111111', 'Vinos', 'Selección de vinos para maridar.', true, 4, '2026-05-01 10:00:00+00', '2026-06-16 10:00:00+00'),
  ('22222222-2222-2222-2222-222222222401', '22222222-2222-2222-2222-222222222222', 'Tragos', 'Cocktails y tragos de autor.', true, 1, '2026-05-01 10:00:00+00', '2026-06-16 10:00:00+00'),
  ('22222222-2222-2222-2222-222222222402', '22222222-2222-2222-2222-222222222222', 'Tapas', 'Picadas y platos para compartir.', true, 2, '2026-05-01 10:00:00+00', '2026-06-16 10:00:00+00'),
  ('22222222-2222-2222-2222-222222222403', '22222222-2222-2222-2222-222222222222', 'Principales', 'Platos principales para grupos.', true, 3, '2026-05-01 10:00:00+00', '2026-06-16 10:00:00+00'),
  ('33333333-3333-3333-3333-333333333401', '33333333-3333-3333-3333-333333333333', 'Cafés', 'Bebidas calientes y de especialidad.', true, 1, '2026-05-01 10:00:00+00', '2026-06-16 10:00:00+00'),
  ('33333333-3333-3333-3333-333333333402', '33333333-3333-3333-3333-333333333333', 'Brunch', 'Opciones de media manana.', true, 2, '2026-05-01 10:00:00+00', '2026-06-16 10:00:00+00'),
  ('33333333-3333-3333-3333-333333333403', '33333333-3333-3333-3333-333333333333', 'Dulces', 'Pasteleria y postres.', true, 3, '2026-05-01 10:00:00+00', '2026-06-16 10:00:00+00')
on conflict (id) do update set
  business_id = excluded.business_id,
  name = excluded.name,
  description = excluded.description,
  is_active = excluded.is_active,
  sort_order = excluded.sort_order,
  updated_at = excluded.updated_at;

-- Items de menu
insert into public.menu_items (
  id,
  business_id,
  category_id,
  name,
  description,
  price,
  image_url,
  placeholder,
  tags,
  is_active,
  is_featured,
  sort_order,
  created_at,
  updated_at
) values
  ('11111111-1111-1111-1111-111111111501', '11111111-1111-1111-1111-111111111111', '11111111-1111-1111-1111-111111111401', 'Tartar de langostinos', 'Con palta, cítricos y aceite de hierbas.', 18500, 'https://images.unsplash.com/photo-1547592180-85f173990554?auto=format&fit=crop&w=1200&q=80', 'Entrada destacada', '["destacado","mar"]'::jsonb, true, true, 1, '2026-05-01 10:00:00+00', '2026-06-16 10:00:00+00'),
  ('11111111-1111-1111-1111-111111111502', '11111111-1111-1111-1111-111111111111', '11111111-1111-1111-1111-111111111401', 'Empanada de cordero', 'Masa fina, hierbas y chimichurri suave.', 14200, null, 'Empanada artesanal', '["artesanal"]'::jsonb, true, false, 2, '2026-05-01 10:00:00+00', '2026-06-16 10:00:00+00'),
  ('11111111-1111-1111-1111-111111111503', '11111111-1111-1111-1111-111111111111', '11111111-1111-1111-1111-111111111402', 'Ojo de bife', 'Coccion lenta, pure de papa y demi glace.', 32500, 'https://images.unsplash.com/photo-1544025162-d76694265947?auto=format&fit=crop&w=1200&q=80', 'Plato principal', '["carnes","destacado"]'::jsonb, true, true, 1, '2026-05-01 10:00:00+00', '2026-06-16 10:00:00+00'),
  ('11111111-1111-1111-1111-111111111504', '11111111-1111-1111-1111-111111111111', '11111111-1111-1111-1111-111111111402', 'Merluza al horno', 'Verduras de estacion y manteca de limon.', 29500, null, 'Plato de pesca', '["pesca"]'::jsonb, true, false, 2, '2026-05-01 10:00:00+00', '2026-06-16 10:00:00+00'),
  ('11111111-1111-1111-1111-111111111505', '11111111-1111-1111-1111-111111111111', '11111111-1111-1111-1111-111111111403', 'Mousse de chocolate', 'Chocolate amargo, crocante y frutos rojos.', 9800, 'https://images.unsplash.com/photo-1563805042-7684c019e1cb?auto=format&fit=crop&w=1200&q=80', 'Postre', '["dulce"]'::jsonb, true, true, 1, '2026-05-01 10:00:00+00', '2026-06-16 10:00:00+00'),
  ('11111111-1111-1111-1111-111111111506', '11111111-1111-1111-1111-111111111111', '11111111-1111-1111-1111-111111111404', 'Malbec reserva', 'Copa o botella seleccionada.', 12500, null, 'Vino tinto', '["vino"]'::jsonb, true, false, 1, '2026-05-01 10:00:00+00', '2026-06-16 10:00:00+00'),
  ('11111111-1111-1111-1111-111111111507', '11111111-1111-1111-1111-111111111111', '11111111-1111-1111-1111-111111111404', 'Blanco de la casa', 'Acompaña mariscos y entradas frescas.', 11500, null, 'Vino blanco', '["vino"]'::jsonb, true, false, 2, '2026-05-01 10:00:00+00', '2026-06-16 10:00:00+00'),
  ('11111111-1111-1111-1111-111111111508', '11111111-1111-1111-1111-111111111111', '11111111-1111-1111-1111-111111111403', 'Crumble de peras', 'Frutas de estacion y helado artesanal.', 8900, null, 'Postre casero', '["estacional"]'::jsonb, true, false, 2, '2026-05-01 10:00:00+00', '2026-06-16 10:00:00+00'),
  ('22222222-2222-2222-2222-222222222501', '22222222-2222-2222-2222-222222222222', '22222222-2222-2222-2222-222222222401', 'Sunset Spritz', 'Aperitivo fresco con frutas cítricas.', 12000, 'https://images.unsplash.com/photo-1546173159-315724a31696?auto=format&fit=crop&w=1200&q=80', 'Trago de autor', '["destacado","trago"]'::jsonb, true, true, 1, '2026-05-01 10:00:00+00', '2026-06-16 10:00:00+00'),
  ('22222222-2222-2222-2222-222222222502', '22222222-2222-2222-2222-222222222222', '22222222-2222-2222-2222-222222222401', 'Mojito tropical', 'Ron, menta y frutas de verano.', 11500, null, 'Mojito', '["fresco"]'::jsonb, true, false, 2, '2026-05-01 10:00:00+00', '2026-06-16 10:00:00+00'),
  ('22222222-2222-2222-2222-222222222503', '22222222-2222-2222-2222-222222222222', '22222222-2222-2222-2222-222222222402', 'Tabla de tapas', 'Jamón, quesos y panes de la casa.', 24000, 'https://images.unsplash.com/photo-1544025162-d76694265947?auto=format&fit=crop&w=1200&q=80', 'Para compartir', '["compartir","destacado"]'::jsonb, true, true, 1, '2026-05-01 10:00:00+00', '2026-06-16 10:00:00+00'),
  ('22222222-2222-2222-2222-222222222504', '22222222-2222-2222-2222-222222222222', '22222222-2222-2222-2222-222222222402', 'Papas al ajo', 'Crocantes con alioli de la casa.', 9800, null, 'Tapas', '["snack"]'::jsonb, true, false, 2, '2026-05-01 10:00:00+00', '2026-06-16 10:00:00+00'),
  ('22222222-2222-2222-2222-222222222505', '22222222-2222-2222-2222-222222222222', '22222222-2222-2222-2222-222222222403', 'Hamburguesa BBQ', 'Con cheddar, cebolla caramelizada y papas.', 22000, 'https://images.unsplash.com/photo-1568901346375-23c9450c58cd?auto=format&fit=crop&w=1200&q=80', 'Principal', '["grupos","destacado"]'::jsonb, true, true, 1, '2026-05-01 10:00:00+00', '2026-06-16 10:00:00+00'),
  ('22222222-2222-2222-2222-222222222506', '22222222-2222-2222-2222-222222222222', '22222222-2222-2222-2222-222222222403', 'Pasta del dia', 'Salsa cremosa y albahaca fresca.', 21000, null, 'Principal', '["cocina"]'::jsonb, true, false, 2, '2026-05-01 10:00:00+00', '2026-06-16 10:00:00+00'),
  ('33333333-3333-3333-3333-333333333501', '33333333-3333-3333-3333-333333333333', '33333333-3333-3333-3333-333333333401', 'Flat white', 'Espresso doble con leche cremosa.', 4500, 'https://images.unsplash.com/photo-1497935586351-b67a49e012bf?auto=format&fit=crop&w=1200&q=80', 'Cafe', '["destacado","cafe"]'::jsonb, true, true, 1, '2026-05-01 10:00:00+00', '2026-06-16 10:00:00+00'),
  ('33333333-3333-3333-3333-333333333502', '33333333-3333-3333-3333-333333333333', '33333333-3333-3333-3333-333333333401', 'Cold brew', 'Cafe frio servido con hielo.', 5200, null, 'Cafe frio', '["fresco"]'::jsonb, true, false, 2, '2026-05-01 10:00:00+00', '2026-06-16 10:00:00+00'),
  ('33333333-3333-3333-3333-333333333503', '33333333-3333-3333-3333-333333333333', '33333333-3333-3333-3333-333333333402', 'Tostadas con palta', 'Pan de masa madre y semillas.', 6500, 'https://images.unsplash.com/photo-1547592180-85f173990554?auto=format&fit=crop&w=1200&q=80', 'Brunch', '["destacado","saludable"]'::jsonb, true, true, 1, '2026-05-01 10:00:00+00', '2026-06-16 10:00:00+00'),
  ('33333333-3333-3333-3333-333333333504', '33333333-3333-3333-3333-333333333333', '33333333-3333-3333-3333-333333333402', 'Bagel completo', 'Queso crema, huevo y vegetales.', 7200, null, 'Brunch', '["brunch"]'::jsonb, true, false, 2, '2026-05-01 10:00:00+00', '2026-06-16 10:00:00+00'),
  ('33333333-3333-3333-3333-333333333505', '33333333-3333-3333-3333-333333333333', '33333333-3333-3333-3333-333333333403', 'Budin de naranja', 'Porcion casera con glasé suave.', 5400, 'https://images.unsplash.com/photo-1567620905732-2d1ec7ab7445?auto=format&fit=crop&w=1200&q=80', 'Dulce', '["postre"]'::jsonb, true, false, 1, '2026-05-01 10:00:00+00', '2026-06-16 10:00:00+00'),
  ('33333333-3333-3333-3333-333333333506', '33333333-3333-3333-3333-333333333333', '33333333-3333-3333-3333-333333333403', 'Croissant de almendras', 'Masa hojaldrada y almendras tostadas.', 5900, null, 'Dulce', '["pasteleria"]'::jsonb, true, false, 2, '2026-05-01 10:00:00+00', '2026-06-16 10:00:00+00')
on conflict (id) do update set
  business_id = excluded.business_id,
  category_id = excluded.category_id,
  name = excluded.name,
  description = excluded.description,
  price = excluded.price,
  image_url = excluded.image_url,
  placeholder = excluded.placeholder,
  tags = excluded.tags,
  is_active = excluded.is_active,
  is_featured = excluded.is_featured,
  sort_order = excluded.sort_order,
  updated_at = excluded.updated_at;

-- Galeria
insert into public.gallery_images (
  id,
  business_id,
  title,
  image_url,
  alt_text,
  is_active,
  sort_order,
  created_at,
  updated_at
) values
  ('11111111-1111-1111-1111-111111111601', '11111111-1111-1111-1111-111111111111', 'Salon principal', 'https://images.unsplash.com/photo-1517248135467-4c7edcad34c4?auto=format&fit=crop&w=1200&q=80', 'Salon principal Demuru', true, 1, '2026-05-01 10:00:00+00', '2026-06-16 10:00:00+00'),
  ('11111111-1111-1111-1111-111111111602', '11111111-1111-1111-1111-111111111111', 'Mesa chef table', 'https://images.unsplash.com/photo-1424847651672-bf20a4b0982b?auto=format&fit=crop&w=1200&q=80', 'Mesa chef table', true, 2, '2026-05-01 10:00:00+00', '2026-06-16 10:00:00+00'),
  ('11111111-1111-1111-1111-111111111603', '11111111-1111-1111-1111-111111111111', 'Platos de temporada', 'https://images.unsplash.com/photo-1482049016688-2d3e1b311543?auto=format&fit=crop&w=1200&q=80', 'Platos de temporada', true, 3, '2026-05-01 10:00:00+00', '2026-06-16 10:00:00+00'),
  ('22222222-2222-2222-2222-222222222601', '22222222-2222-2222-2222-222222222222', 'Deck sunset', 'https://images.unsplash.com/photo-1505228395891-9a51e7e86bf6?auto=format&fit=crop&w=1200&q=80', 'Deck sunset Barbados', true, 1, '2026-05-01 10:00:00+00', '2026-06-16 10:00:00+00'),
  ('22222222-2222-2222-2222-222222222602', '22222222-2222-2222-2222-222222222222', 'Cocteleria', 'https://images.unsplash.com/photo-1470337458703-46ad1756a187?auto=format&fit=crop&w=1200&q=80', 'Cocteleria Barbados', true, 2, '2026-05-01 10:00:00+00', '2026-06-16 10:00:00+00'),
  ('22222222-2222-2222-2222-222222222603', '22222222-2222-2222-2222-222222222222', 'Grupo en terraza', 'https://images.unsplash.com/photo-1505693416388-ac5ce068fe85?auto=format&fit=crop&w=1200&q=80', 'Grupo en terraza', true, 3, '2026-05-01 10:00:00+00', '2026-06-16 10:00:00+00'),
  ('33333333-3333-3333-3333-333333333601', '33333333-3333-3333-3333-333333333333', 'Barra cafe', 'https://images.unsplash.com/photo-1517701604599-bb29b565090c?auto=format&fit=crop&w=1200&q=80', 'Barra Cafe Demo', true, 1, '2026-05-01 10:00:00+00', '2026-06-16 10:00:00+00'),
  ('33333333-3333-3333-3333-333333333602', '33333333-3333-3333-3333-333333333333', 'Brunch', 'https://images.unsplash.com/photo-1490645935967-10de6ba17061?auto=format&fit=crop&w=1200&q=80', 'Brunch Cafe Demo', true, 2, '2026-05-01 10:00:00+00', '2026-06-16 10:00:00+00'),
  ('33333333-3333-3333-3333-333333333603', '33333333-3333-3333-3333-333333333333', 'Mesas de trabajo', 'https://images.unsplash.com/photo-1521017432531-fbd92d768814?auto=format&fit=crop&w=1200&q=80', 'Mesas de cowork', true, 3, '2026-05-01 10:00:00+00', '2026-06-16 10:00:00+00')
on conflict (id) do update set
  business_id = excluded.business_id,
  title = excluded.title,
  image_url = excluded.image_url,
  alt_text = excluded.alt_text,
  is_active = excluded.is_active,
  sort_order = excluded.sort_order,
  updated_at = excluded.updated_at;

-- Clientes
insert into public.customers (
  id,
  business_id,
  name,
  phone,
  email,
  internal_notes,
  preferences,
  tags,
  created_at,
  updated_at
) values
  ('11111111-1111-1111-1111-111111111701', '11111111-1111-1111-1111-111111111111', 'Martina Lopez', '+54 2254 410001', 'martina.lopez@example.com', 'Cumpleaños en junio.', 'Mesa cerca de la ventana', '["Cumpleaños","VIP"]'::jsonb, '2026-05-01 10:00:00+00', '2026-06-16 10:00:00+00'),
  ('11111111-1111-1111-1111-111111111702', '11111111-1111-1111-1111-111111111111', 'Joaquin Perez', '+54 2254 410002', 'joaquin.perez@example.com', 'Cliente frecuente.', 'Vino blanco', '["Recurrente"]'::jsonb, '2026-05-01 10:00:00+00', '2026-06-16 10:00:00+00'),
  ('11111111-1111-1111-1111-111111111703', '11111111-1111-1111-1111-111111111111', 'Sofia Rojas', '+54 2254 410003', 'sofia.rojas@example.com', null, 'Sin gluten', '["Sin gluten"]'::jsonb, '2026-05-01 10:00:00+00', '2026-06-16 10:00:00+00'),
  ('11111111-1111-1111-1111-111111111704', '11111111-1111-1111-1111-111111111111', 'Camila Torres', '+54 2254 410004', 'camila.torres@example.com', 'Avisar si hay menu sin TACC.', 'Mesa tranquila', '["Sin TACC"]'::jsonb, '2026-05-01 10:00:00+00', '2026-06-16 10:00:00+00'),
  ('11111111-1111-1111-1111-111111111705', '11111111-1111-1111-1111-111111111111', 'Lucas Molina', '+54 2254 410005', 'lucas.molina@example.com', null, 'Maridaje', '["Cliente frecuente"]'::jsonb, '2026-05-01 10:00:00+00', '2026-06-16 10:00:00+00'),
  ('11111111-1111-1111-1111-111111111706', '11111111-1111-1111-1111-111111111111', 'Valentina Gomez', '+54 2254 410006', 'valentina.gomez@example.com', 'Viene con niños.', 'Mesa amplia', '["Familia"]'::jsonb, '2026-05-01 10:00:00+00', '2026-06-16 10:00:00+00'),
  ('11111111-1111-1111-1111-111111111707', '11111111-1111-1111-1111-111111111111', 'Nicolas Vega', '+54 2254 410007', null, 'Pide confirmar por WhatsApp.', 'Mesa cerca de cocina', '["VIP"]'::jsonb, '2026-05-01 10:00:00+00', '2026-06-16 10:00:00+00'),
  ('11111111-1111-1111-1111-111111111708', '11111111-1111-1111-1111-111111111111', 'Agustina Romero', '+54 2254 410008', 'agustina.romero@example.com', null, 'Celebracion aniversario', '["Aniversario"]'::jsonb, '2026-05-01 10:00:00+00', '2026-06-16 10:00:00+00'),
  ('22222222-2222-2222-2222-222222222701', '22222222-2222-2222-2222-222222222222', 'Mateo Fernandez', '+54 2254 420001', 'mateo.fernandez@example.com', 'Cliente de after beach.', 'Mesa exterior', '["Grupo"]'::jsonb, '2026-05-01 10:00:00+00', '2026-06-16 10:00:00+00'),
  ('22222222-2222-2222-2222-222222222702', '22222222-2222-2222-2222-222222222222', 'Lucia Herrera', '+54 2254 420002', 'lucia.herrera@example.com', null, 'Terraza', '["Pareja"]'::jsonb, '2026-05-01 10:00:00+00', '2026-06-16 10:00:00+00'),
  ('22222222-2222-2222-2222-222222222703', '22222222-2222-2222-2222-222222222222', 'Tomas Silva', '+54 2254 420003', null, 'Avisar si hay evento.', 'Sector VIP', '["Evento"]'::jsonb, '2026-05-01 10:00:00+00', '2026-06-16 10:00:00+00'),
  ('22222222-2222-2222-2222-222222222704', '22222222-2222-2222-2222-222222222222', 'Florencia Acosta', '+54 2254 420004', 'florencia.acosta@example.com', null, 'Tragos sin alcohol', '["Local"]'::jsonb, '2026-05-01 10:00:00+00', '2026-06-16 10:00:00+00'),
  ('22222222-2222-2222-2222-222222222705', '22222222-2222-2222-2222-222222222222', 'Bruno Medina', '+54 2254 420005', 'bruno.medina@example.com', 'Siempre reserva para grupos grandes.', 'Mesa grande', '["Grupo"]'::jsonb, '2026-05-01 10:00:00+00', '2026-06-16 10:00:00+00'),
  ('33333333-3333-3333-3333-333333333701', '33333333-3333-3333-3333-333333333333', 'Carolina Diaz', '+54 2254 430001', 'carolina.diaz@example.com', 'Prefiere horario temprano.', 'Cappuccino', '["Madrugador"]'::jsonb, '2026-05-01 10:00:00+00', '2026-06-16 10:00:00+00'),
  ('33333333-3333-3333-3333-333333333702', '33333333-3333-3333-3333-333333333333', 'Federico Castro', '+54 2254 430002', 'federico.castro@example.com', null, 'Cowork', '["Trabajo"]'::jsonb, '2026-05-01 10:00:00+00', '2026-06-16 10:00:00+00'),
  ('33333333-3333-3333-3333-333333333703', '33333333-3333-3333-3333-333333333333', 'Julieta Navarro', '+54 2254 430003', null, 'Alérgico a frutos secos.', 'Tostadas', '["Saludable"]'::jsonb, '2026-05-01 10:00:00+00', '2026-06-16 10:00:00+00'),
  ('33333333-3333-3333-3333-333333333704', '33333333-3333-3333-3333-333333333333', 'Mariano Costa', '+54 2254 430004', 'mariano.costa@example.com', 'Cliente frecuente, pide café solo.', 'Americano', '["Frecuente"]'::jsonb, '2026-05-01 10:00:00+00', '2026-06-16 10:00:00+00'),
  ('33333333-3333-3333-3333-333333333705', '33333333-3333-3333-3333-333333333333', 'Paula Benitez', '+54 2254 430005', 'paula.benitez@example.com', 'Cumpleaños en junio.', 'Mesa tranquila', '["Cumpleaños"]'::jsonb, '2026-05-01 10:00:00+00', '2026-06-16 10:00:00+00')
on conflict (id) do update set
  business_id = excluded.business_id,
  name = excluded.name,
  phone = excluded.phone,
  email = excluded.email,
  internal_notes = excluded.internal_notes,
  preferences = excluded.preferences,
  tags = excluded.tags,
  updated_at = excluded.updated_at;

-- Plano / mesas
insert into public.floor_tables (
  id,
  business_id,
  label,
  seats,
  x,
  y,
  width,
  height,
  rotation,
  shape,
  corner_radius,
  status,
  can_join,
  created_at,
  updated_at
) values
  ('11111111-1111-1111-1111-111111111801', '11111111-1111-1111-1111-111111111111', 'Mesa 1', 2, 120, 140, 100, 70, 0, 'square', 0, 'available', true, '2026-05-01 10:00:00+00', '2026-06-16 10:00:00+00'),
  ('11111111-1111-1111-1111-111111111802', '11111111-1111-1111-1111-111111111111', 'Mesa 2', 4, 260, 140, 120, 70, 0, 'rectangular', 10, 'reserved', true, '2026-05-01 10:00:00+00', '2026-06-16 10:00:00+00'),
  ('11111111-1111-1111-1111-111111111803', '11111111-1111-1111-1111-111111111111', 'Mesa 3', 4, 420, 140, 110, 110, 0, 'round', 55, 'available', true, '2026-05-01 10:00:00+00', '2026-06-16 10:00:00+00'),
  ('11111111-1111-1111-1111-111111111804', '11111111-1111-1111-1111-111111111111', 'Mesa 4', 6, 120, 290, 140, 80, 0, 'rectangular', 12, 'occupied', true, '2026-05-01 10:00:00+00', '2026-06-16 10:00:00+00'),
  ('11111111-1111-1111-1111-111111111805', '11111111-1111-1111-1111-111111111111', 'Mesa 5', 2, 290, 290, 95, 70, 0, 'square', 0, 'available', true, '2026-05-01 10:00:00+00', '2026-06-16 10:00:00+00'),
  ('11111111-1111-1111-1111-111111111806', '11111111-1111-1111-1111-111111111111', 'Mesa 6', 8, 440, 290, 150, 90, 0, 'rectangular', 14, 'blocked', true, '2026-05-01 10:00:00+00', '2026-06-16 10:00:00+00'),
  ('11111111-1111-1111-1111-111111111807', '11111111-1111-1111-1111-111111111111', 'Mesa 7', 6, 610, 210, 120, 120, 0, 'round', 60, 'available', false, '2026-05-01 10:00:00+00', '2026-06-16 10:00:00+00'),
  ('22222222-2222-2222-2222-222222222801', '22222222-2222-2222-2222-222222222222', 'Barra 1', 4, 110, 130, 140, 70, 0, 'rectangular', 8, 'available', true, '2026-05-01 10:00:00+00', '2026-06-16 10:00:00+00'),
  ('22222222-2222-2222-2222-222222222802', '22222222-2222-2222-2222-222222222222', 'Deck 1', 6, 290, 120, 140, 80, 0, 'square', 0, 'reserved', true, '2026-05-01 10:00:00+00', '2026-06-16 10:00:00+00'),
  ('22222222-2222-2222-2222-222222222803', '22222222-2222-2222-2222-222222222222', 'Deck 2', 6, 470, 120, 140, 80, 0, 'square', 0, 'available', true, '2026-05-01 10:00:00+00', '2026-06-16 10:00:00+00'),
  ('22222222-2222-2222-2222-222222222804', '22222222-2222-2222-2222-222222222222', 'VIP 1', 10, 170, 300, 160, 90, 0, 'rectangular', 16, 'occupied', true, '2026-05-01 10:00:00+00', '2026-06-16 10:00:00+00'),
  ('22222222-2222-2222-2222-222222222805', '22222222-2222-2222-2222-222222222222', 'VIP 2', 10, 390, 300, 160, 90, 0, 'rectangular', 16, 'blocked', true, '2026-05-01 10:00:00+00', '2026-06-16 10:00:00+00'),
  ('33333333-3333-3333-3333-333333333801', '33333333-3333-3333-3333-333333333333', 'Mesa A', 2, 120, 150, 90, 90, 0, 'square', 0, 'available', true, '2026-05-01 10:00:00+00', '2026-06-16 10:00:00+00'),
  ('33333333-3333-3333-3333-333333333802', '33333333-3333-3333-3333-333333333333', 'Mesa B', 2, 250, 150, 90, 90, 0, 'square', 0, 'reserved', true, '2026-05-01 10:00:00+00', '2026-06-16 10:00:00+00'),
  ('33333333-3333-3333-3333-333333333803', '33333333-3333-3333-3333-333333333333', 'Mesa C', 4, 380, 150, 110, 80, 0, 'rectangular', 12, 'available', true, '2026-05-01 10:00:00+00', '2026-06-16 10:00:00+00'),
  ('33333333-3333-3333-3333-333333333804', '33333333-3333-3333-3333-333333333333', 'Barra Café', 6, 260, 310, 160, 80, 0, 'rectangular', 10, 'occupied', true, '2026-05-01 10:00:00+00', '2026-06-16 10:00:00+00')
on conflict (id) do update set
  business_id = excluded.business_id,
  label = excluded.label,
  seats = excluded.seats,
  x = excluded.x,
  y = excluded.y,
  width = excluded.width,
  height = excluded.height,
  rotation = excluded.rotation,
  shape = excluded.shape,
  corner_radius = excluded.corner_radius,
  status = excluded.status,
  can_join = excluded.can_join,
  updated_at = excluded.updated_at;

-- Plano / combinaciones
insert into public.table_combinations (
  id,
  business_id,
  label,
  table_ids,
  seats_total,
  is_active,
  created_at,
  updated_at
) values
  ('11111111-1111-1111-1111-111111111901', '11111111-1111-1111-1111-111111111111', 'Mesa 1-5', '["11111111-1111-1111-1111-111111111801","11111111-1111-1111-1111-111111111805"]'::jsonb, 4, true, '2026-05-01 10:00:00+00', '2026-06-16 10:00:00+00'),
  ('11111111-1111-1111-1111-111111111902', '11111111-1111-1111-1111-111111111111', 'Mesa 1-2', '["11111111-1111-1111-1111-111111111801","11111111-1111-1111-1111-111111111802"]'::jsonb, 6, true, '2026-05-01 10:00:00+00', '2026-06-16 10:00:00+00'),
  ('11111111-1111-1111-1111-111111111903', '11111111-1111-1111-1111-111111111111', 'Mesa 2-5', '["11111111-1111-1111-1111-111111111802","11111111-1111-1111-1111-111111111805"]'::jsonb, 6, true, '2026-05-01 10:00:00+00', '2026-06-16 10:00:00+00')
on conflict (id) do update set
  business_id = excluded.business_id,
  label = excluded.label,
  table_ids = excluded.table_ids,
  seats_total = excluded.seats_total,
  is_active = excluded.is_active,
  updated_at = excluded.updated_at;

-- Configuracion de plano
insert into public.floor_plan_settings (
  id,
  business_id,
  background_image_url,
  background_x,
  background_y,
  background_width,
  background_height,
  background_opacity,
  background_brightness,
  background_contrast,
  created_at,
  updated_at
) values
  ('11111111-1111-1111-1111-111111112001', '11111111-1111-1111-1111-111111111111', 'https://images.unsplash.com/photo-1505693416388-ac5ce068fe85?auto=format&fit=crop&w=1400&q=80', 0, 0, 1200, 780, 45, 100, 100, '2026-05-01 10:00:00+00', '2026-06-16 10:00:00+00'),
  ('22222222-2222-2222-2222-222222222001', '22222222-2222-2222-2222-222222222222', 'https://images.unsplash.com/photo-1501386761578-eac5c94b800a?auto=format&fit=crop&w=1400&q=80', 0, 0, 1180, 760, 40, 100, 100, '2026-05-01 10:00:00+00', '2026-06-16 10:00:00+00'),
  ('33333333-3333-3333-3333-333333333001', '33333333-3333-3333-3333-333333333333', 'https://images.unsplash.com/photo-1495474472287-4d71bcdd2085?auto=format&fit=crop&w=1400&q=80', 0, 0, 1160, 720, 35, 100, 100, '2026-05-01 10:00:00+00', '2026-06-16 10:00:00+00')
on conflict (business_id) do update set
  background_image_url = excluded.background_image_url,
  background_x = excluded.background_x,
  background_y = excluded.background_y,
  background_width = excluded.background_width,
  background_height = excluded.background_height,
  background_opacity = excluded.background_opacity,
  background_brightness = excluded.background_brightness,
  background_contrast = excluded.background_contrast,
  updated_at = excluded.updated_at;

-- Reservas
insert into public.reservations (
  id,
  business_id,
  service_id,
  customer_id,
  customer_name,
  customer_phone,
  customer_email,
  notes,
  reservation_date,
  reservation_time,
  party_size,
  status,
  source,
  assigned_table_ids,
  deposit_status,
  deposit_amount,
  created_at,
  updated_at
) values
  ('11111111-1111-1111-1111-111112001001', '11111111-1111-1111-1111-111111111111', '11111111-1111-1111-1111-111111111301', '11111111-1111-1111-1111-111111111701', 'Martina Lopez', '+54 2254 410001', 'martina.lopez@example.com', 'Prefiere ventana.', '2026-05-02', '20:00:00', 2, 'confirmed', 'web', '["11111111-1111-1111-1111-111111111801"]'::jsonb, 'paid', 78000, '2026-05-01 11:00:00+00', '2026-05-02 12:00:00+00'),
  ('11111111-1111-1111-1111-111112001002', '11111111-1111-1111-1111-111111111111', '11111111-1111-1111-1111-111111111302', '11111111-1111-1111-1111-111111111702', 'Joaquin Perez', '+54 2254 410002', 'joaquin.perez@example.com', 'Mesa tranquila.', '2026-05-03', '21:00:00', 4, 'completed', 'manual', '["11111111-1111-1111-1111-111111111802"]'::jsonb, 'none', null, '2026-05-02 11:00:00+00', '2026-05-03 23:30:00+00'),
  ('11111111-1111-1111-1111-111112001003', '11111111-1111-1111-1111-111111111111', '11111111-1111-1111-1111-111111111303', '11111111-1111-1111-1111-111111111703', 'Sofia Rojas', '+54 2254 410003', 'sofia.rojas@example.com', 'Sin tacc.', '2026-05-08', '20:30:00', 3, 'cancelled', 'web', '[]'::jsonb, 'none', null, '2026-05-07 12:00:00+00', '2026-05-08 14:00:00+00'),
  ('11111111-1111-1111-1111-111112001004', '11111111-1111-1111-1111-111111111111', '11111111-1111-1111-1111-111111111301', '11111111-1111-1111-1111-111111111704', 'Camila Torres', '+54 2254 410004', 'camila.torres@example.com', 'Avisar si hay vino blanco.', '2026-05-10', '21:30:00', 2, 'no_show', 'admin', '["11111111-1111-1111-1111-111111111805"]'::jsonb, 'none', null, '2026-05-09 13:00:00+00', '2026-05-10 22:30:00+00'),
  ('11111111-1111-1111-1111-111112001005', '11111111-1111-1111-1111-111111111111', '11111111-1111-1111-1111-111111111302', '11111111-1111-1111-1111-111111111705', 'Lucas Molina', '+54 2254 410005', 'lucas.molina@example.com', 'Celebracion aniversario.', '2026-05-16', '19:30:00', 4, 'completed', 'web', '["11111111-1111-1111-1111-111111111801","11111111-1111-1111-1111-111111111805"]'::jsonb, 'paid', 98000, '2026-05-15 12:00:00+00', '2026-05-16 23:00:00+00'),
  ('11111111-1111-1111-1111-111112001006', '11111111-1111-1111-1111-111111111111', '11111111-1111-1111-1111-111111111303', '11111111-1111-1111-1111-111111111706', 'Valentina Gomez', '+54 2254 410006', 'valentina.gomez@example.com', 'Viene con niños.', '2026-05-23', '20:00:00', 5, 'confirmed', 'manual', '["11111111-1111-1111-1111-111111111803"]'::jsonb, 'pending', 30000, '2026-05-22 12:00:00+00', '2026-05-23 18:30:00+00'),
  ('11111111-1111-1111-1111-111112001007', '11111111-1111-1111-1111-111111111111', '11111111-1111-1111-1111-111111111301', '11111111-1111-1111-1111-111111111707', 'Nicolas Vega', '+54 2254 410007', null, 'Confirmar por WhatsApp.', '2026-05-30', '21:00:00', 6, 'pending', 'web', '[]'::jsonb, 'none', null, '2026-05-29 11:00:00+00', '2026-05-29 11:00:00+00'),
  ('11111111-1111-1111-1111-111112001008', '11111111-1111-1111-1111-111111111111', '11111111-1111-1111-1111-111111111302', '11111111-1111-1111-1111-111111111708', 'Agustina Romero', '+54 2254 410008', 'agustina.romero@example.com', 'Mesa cerca de cocina.', '2026-06-01', '20:30:00', 2, 'confirmed', 'web', '["11111111-1111-1111-1111-111111111802"]'::jsonb, 'pending', 25000, '2026-05-31 12:00:00+00', '2026-06-01 10:00:00+00'),
  ('11111111-1111-1111-1111-111112001009', '11111111-1111-1111-1111-111111111111', '11111111-1111-1111-1111-111111111303', '11111111-1111-1111-1111-111111111701', 'Martina Lopez', '+54 2254 410001', 'martina.lopez@example.com', 'Repetida por evento privado.', '2026-06-05', '21:00:00', 4, 'completed', 'manual', '["11111111-1111-1111-1111-111111111801","11111111-1111-1111-1111-111111111805"]'::jsonb, 'none', null, '2026-06-04 12:00:00+00', '2026-06-05 23:30:00+00'),
  ('11111111-1111-1111-1111-111112001010', '11111111-1111-1111-1111-111111111111', '11111111-1111-1111-1111-111111111301', '11111111-1111-1111-1111-111111111702', 'Joaquin Perez', '+54 2254 410002', 'joaquin.perez@example.com', 'Mesa corrida.', '2026-06-08', '19:30:00', 3, 'pending', 'web', '[]'::jsonb, 'none', null, '2026-06-07 12:00:00+00', '2026-06-07 12:00:00+00'),
  ('11111111-1111-1111-1111-111112001011', '11111111-1111-1111-1111-111111111111', '11111111-1111-1111-1111-111111111302', '11111111-1111-1111-1111-111111111703', 'Sofia Rojas', '+54 2254 410003', 'sofia.rojas@example.com', 'Combo mesa unida.', '2026-06-12', '20:00:00', 6, 'confirmed', 'admin', '["11111111-1111-1111-1111-111111111801","11111111-1111-1111-1111-111111111802"]'::jsonb, 'paid', 98000, '2026-06-11 12:00:00+00', '2026-06-12 23:00:00+00'),
  ('11111111-1111-1111-1111-111112001012', '11111111-1111-1111-1111-111111111111', '11111111-1111-1111-1111-111111111303', '11111111-1111-1111-1111-111111111704', 'Camila Torres', '+54 2254 410004', 'camila.torres@example.com', 'Reserva sin mesa para probar alerta.', '2026-06-15', '21:30:00', 2, 'cancelled', 'web', '[]'::jsonb, 'none', null, '2026-06-14 12:00:00+00', '2026-06-14 12:00:00+00'),

  ('22222222-2222-2222-2222-222222222901', '22222222-2222-2222-2222-222222222222', '22222222-2222-2222-2222-222222222301', '22222222-2222-2222-2222-222222222701', 'Mateo Fernandez', '+54 2254 420001', 'mateo.fernandez@example.com', 'Mesa exterior.', '2026-05-04', '19:00:00', 4, 'confirmed', 'web', '["22222222-2222-2222-2222-222222222801"]'::jsonb, 'paid', 32000, '2026-05-03 12:00:00+00', '2026-05-04 10:00:00+00'),
  ('22222222-2222-2222-2222-222222222902', '22222222-2222-2222-2222-222222222222', '22222222-2222-2222-2222-222222222302', '22222222-2222-2222-2222-222222222702', 'Lucia Herrera', '+54 2254 420002', 'lucia.herrera@example.com', 'Celebracion.', '2026-05-11', '21:00:00', 8, 'completed', 'manual', '["22222222-2222-2222-2222-222222222802","22222222-2222-2222-2222-222222222803"]'::jsonb, 'none', null, '2026-05-10 12:00:00+00', '2026-05-11 23:30:00+00'),
  ('22222222-2222-2222-2222-222222222903', '22222222-2222-2222-2222-222222222222', '22222222-2222-2222-2222-222222222303', '22222222-2222-2222-2222-222222222703', 'Tomas Silva', '+54 2254 420003', null, 'Avisar si hay evento.', '2026-05-18', '20:30:00', 6, 'cancelled', 'web', '[]'::jsonb, 'none', null, '2026-05-17 12:00:00+00', '2026-05-17 12:00:00+00'),
  ('22222222-2222-2222-2222-222222222904', '22222222-2222-2222-2222-222222222222', '22222222-2222-2222-2222-222222222301', '22222222-2222-2222-2222-222222222704', 'Florencia Acosta', '+54 2254 420004', 'florencia.acosta@example.com', 'Mesa en deck.', '2026-05-24', '22:00:00', 5, 'no_show', 'admin', '["22222222-2222-2222-2222-222222222803"]'::jsonb, 'none', null, '2026-05-23 12:00:00+00', '2026-05-24 23:00:00+00'),
  ('22222222-2222-2222-2222-222222222905', '22222222-2222-2222-2222-222222222222', '22222222-2222-2222-2222-222222222302', '22222222-2222-2222-2222-222222222705', 'Bruno Medina', '+54 2254 420005', 'bruno.medina@example.com', 'Grupo grande para celebrar.', '2026-06-03', '20:00:00', 10, 'confirmed', 'web', '["22222222-2222-2222-2222-222222222804","22222222-2222-2222-2222-222222222805"]'::jsonb, 'pending', 56000, '2026-06-02 12:00:00+00', '2026-06-03 12:00:00+00'),
  ('22222222-2222-2222-2222-222222222906', '22222222-2222-2222-2222-222222222222', '22222222-2222-2222-2222-222222222303', '22222222-2222-2222-2222-222222222701', 'Mateo Fernandez', '+54 2254 420001', 'mateo.fernandez@example.com', 'After beach.', '2026-06-09', '21:00:00', 6, 'pending', 'manual', '[]'::jsonb, 'none', null, '2026-06-08 12:00:00+00', '2026-06-08 12:00:00+00'),
  ('22222222-2222-2222-2222-222222222907', '22222222-2222-2222-2222-222222222222', '22222222-2222-2222-2222-222222222301', '22222222-2222-2222-2222-222222222702', 'Lucia Herrera', '+54 2254 420002', 'lucia.herrera@example.com', 'Mesa para dos.', '2026-06-14', '19:30:00', 2, 'completed', 'web', '["22222222-2222-2222-2222-222222222801"]'::jsonb, 'none', null, '2026-06-13 12:00:00+00', '2026-06-14 23:30:00+00'),

  ('33333333-3333-3333-3333-333333333901', '33333333-3333-3333-3333-333333333333', '33333333-3333-3333-3333-333333333301', '33333333-3333-3333-3333-333333333701', 'Carolina Diaz', '+54 2254 430001', 'carolina.diaz@example.com', 'Prefiere horario temprano.', '2026-05-05', '09:00:00', 2, 'completed', 'web', '["33333333-3333-3333-3333-333333333801"]'::jsonb, 'none', null, '2026-05-04 12:00:00+00', '2026-05-05 13:00:00+00'),
  ('33333333-3333-3333-3333-333333333902', '33333333-3333-3333-3333-333333333333', '33333333-3333-3333-3333-333333333302', '33333333-3333-3333-3333-333333333702', 'Federico Castro', '+54 2254 430002', 'federico.castro@example.com', 'Cowork de mañana.', '2026-05-12', '10:30:00', 1, 'confirmed', 'manual', '["33333333-3333-3333-3333-333333333804"]'::jsonb, 'pending', 22000, '2026-05-11 12:00:00+00', '2026-05-12 11:00:00+00'),
  ('33333333-3333-3333-3333-333333333903', '33333333-3333-3333-3333-333333333333', '33333333-3333-3333-3333-333333333303', '33333333-3333-3333-3333-333333333703', 'Julieta Navarro', '+54 2254 430003', null, 'Sin frutos secos.', '2026-05-19', '08:30:00', 3, 'cancelled', 'web', '[]'::jsonb, 'none', null, '2026-05-18 12:00:00+00', '2026-05-18 12:00:00+00'),
  ('33333333-3333-3333-3333-333333333904', '33333333-3333-3333-3333-333333333333', '33333333-3333-3333-3333-333333333301', '33333333-3333-3333-3333-333333333704', 'Mariano Costa', '+54 2254 430004', 'mariano.costa@example.com', 'Cliente frecuente.', '2026-05-26', '11:00:00', 2, 'no_show', 'admin', '["33333333-3333-3333-3333-333333333802"]'::jsonb, 'none', null, '2026-05-25 12:00:00+00', '2026-05-26 12:00:00+00'),
  ('33333333-3333-3333-3333-333333333905', '33333333-3333-3333-3333-333333333333', '33333333-3333-3333-3333-333333333302', '33333333-3333-3333-3333-333333333705', 'Paula Benitez', '+54 2254 430005', 'paula.benitez@example.com', 'Cumpleaños.', '2026-06-02', '09:30:00', 4, 'confirmed', 'web', '["33333333-3333-3333-3333-333333333801","33333333-3333-3333-3333-333333333802"]'::jsonb, 'paid', 22000, '2026-06-01 12:00:00+00', '2026-06-02 12:00:00+00'),
  ('33333333-3333-3333-3333-333333333906', '33333333-3333-3333-3333-333333333333', '33333333-3333-3333-3333-333333333303', '33333333-3333-3333-3333-333333333701', 'Carolina Diaz', '+54 2254 430001', 'carolina.diaz@example.com', 'Brunch repetido.', '2026-06-10', '10:00:00', 2, 'completed', 'manual', '["33333333-3333-3333-3333-333333333803"]'::jsonb, 'none', null, '2026-06-09 12:00:00+00', '2026-06-10 13:00:00+00')
on conflict (id) do update set
  business_id = excluded.business_id,
  service_id = excluded.service_id,
  customer_id = excluded.customer_id,
  customer_name = excluded.customer_name,
  customer_phone = excluded.customer_phone,
  customer_email = excluded.customer_email,
  notes = excluded.notes,
  reservation_date = excluded.reservation_date,
  reservation_time = excluded.reservation_time,
  party_size = excluded.party_size,
  status = excluded.status,
  source = excluded.source,
  assigned_table_ids = excluded.assigned_table_ids,
  deposit_status = excluded.deposit_status,
  deposit_amount = excluded.deposit_amount,
  updated_at = excluded.updated_at;

-- Notas internas de clientes
insert into public.customer_notes (
  id,
  customer_id,
  note,
  created_at,
  updated_at
) values
  ('11111111-1111-1111-1111-111111112101', '11111111-1111-1111-1111-111111111701', 'Prefiere mesa cerca de ventana.', '2026-05-10 12:00:00+00', '2026-06-16 10:00:00+00'),
  ('11111111-1111-1111-1111-111111112102', '11111111-1111-1111-1111-111111111702', 'Cliente frecuente, suele pedir vino blanco.', '2026-05-10 12:00:00+00', '2026-06-16 10:00:00+00'),
  ('11111111-1111-1111-1111-111111112103', '11111111-1111-1111-1111-111111111704', 'Avisar si hay menu sin TACC.', '2026-05-10 12:00:00+00', '2026-06-16 10:00:00+00'),
  ('11111111-1111-1111-1111-111111112104', '11111111-1111-1111-1111-111111111708', 'Cumpleaños en junio.', '2026-05-10 12:00:00+00', '2026-06-16 10:00:00+00'),
  ('22222222-2222-2222-2222-222222222101', '22222222-2222-2222-2222-222222222705', 'Cliente frecuente, reserva para grupos grandes.', '2026-05-10 12:00:00+00', '2026-06-16 10:00:00+00'),
  ('22222222-2222-2222-2222-222222222102', '22222222-2222-2222-2222-222222222702', 'Prefiere terraza.', '2026-05-10 12:00:00+00', '2026-06-16 10:00:00+00'),
  ('33333333-3333-3333-3333-333333333101', '33333333-3333-3333-3333-333333333703', 'Alérgico a frutos secos.', '2026-05-10 12:00:00+00', '2026-06-16 10:00:00+00'),
  ('33333333-3333-3333-3333-333333333102', '33333333-3333-3333-3333-333333333705', 'Cumpleaños en junio.', '2026-05-10 12:00:00+00', '2026-06-16 10:00:00+00')
on conflict (id) do update set
  customer_id = excluded.customer_id,
  note = excluded.note,
  updated_at = excluded.updated_at;
